"Id","Set","Bundle","Name","Size"
"400001","SW","PL","Lasombra","89"
"400002","SW","PB","Brujah antitribu","89"
"400003","SW","PT","Tzimisce","89"
"400004","SW","PV","Ventrue antitribu","89"
"400005","FN","PS","Followers of Set","89"
"400006","FN","PA","Assamite","89"
"400007","FN","PR","Ravnos","89"
"400008","FN","PG","Giovanni","89"
"400009","CE","PTo","Toreador","89"
"400010","CE","PTr","Tremere","89"
"400011","CE","PV","Ventrue","89"
"400012","CE","PB","Brujah","89"
"400013","CE","PM","Malkavian","89"
"400014","CE","PN","Nosferatu","89"
"400015","Anarchs","PAB","Anarch Barons","89"
"400016","Anarchs","PAG","Anarch Gang","89"
"400017","Anarchs","PG","Gangrel","89"
"400018","BH","PN","Nosferatu antitribu","89"
"400019","BH","PTo","Toreador antitribu","89"
"400020","BH","PTr","Tremere antitribu","89"
"400021","BH","PM","Malkavian antitribu","89"
"400022","Tenth","A","Tin A","102"
"400023","Tenth","B","Tin B","102"
"400024","KMW","PG","Gangrel antitribu","89"
"400025","KMW","PB","Baali","89"
"400026","KMW","PAn","Anathema","89"
"400027","KMW","PAl","Alastors","89"
"400028","LoB","PO","Osebo","89"
"400029","LoB","PG","Guruhi","89"
"400030","LoB","PI","Ishtarri","89"
"400031","LoB","PA","Akunanse","89"
"400032","Third","PTr","Tremere antitribu","89"
"400033","Third","PB","Brujah antitribu","89"
"400034","Third","PM","Malkavian antitribu","89"
"400035","Third","PTz","Tzimisce","89"
"400036","Third","SKB","Starter Kit Brujah antitribu","89"
"400037","Third","SKM","Starter Kit Malkavian antitribu","89"
"400038","Third","SKTr","Starter Kit Tremere antitribu","89"
"400039","Third","SKTz","Starter Kit Tzimisce","89"
"400040","LotN","PS","Followers of Set","89"
"400041","LotN","PA","Assamite","89"
"400042","LotN","PR","Ravnos","89"
"400043","LotN","PG","Giovanni","89"
"400044","BSC","","","100"
"400045","KoT","PV","Ventrue","89"
"400046","KoT","PB","Brujah","89"
"400047","KoT","PM","Malkavian","89"
"400048","KoT","PT","Toreador","89"
"400049","HttB","PSal","Salubri antitribu","89"
"400050","HttB","PGar","Gargoyles","89"
"400051","HttB","PKia","Kiasyd","89"
"400052","HttB","PSam","Samedi","89"
"400053","DM","","","90"
"400054","TU","A","Bundle 1","90"
"400055","TU","B","Bundle 2","90"
"400056","AU","","","90"
"400057","Anthology","LARP","EC Berlin Edition","89"
"400058","Anthology","LARP","EC Berlin Edition","100"
"400059","KoTR","A","Reprint Bundle 1","120"
"400060","KoTR","B","Reprint Bundle 2","120"
"400061","LK","","","120"
"400062","HttBR","A","Reprint Bundle 1","120"
"400063","HttBR","B","Reprint Bundle 2","120"
"400064","SP","PwN","Pact with Nephandi","89"
"400065","SP","PoS","Parliament of Shadows","89"
"400066","SP","DoF","Den of Fiends","89"
"400067","SP","LB","Libertine Ball","89"
"400068","Anthology I","","","89"
"400069","25th","","","120"
"400070","FB","PV","Ventrue","55"
"400071","FB","PM","Malkavian","55"
"400072","FB","PTo","Toreador","55"
"400073","FB","PN","Nosferatu","55"
"400074","FB","PTr","Tremere","55"
"400075","PP1","","","59"
"400076","V5","PV","Ventrue","89"
"400077","V5","PM","Malkavian","89"
"400078","V5","PTo","Toreador","89"
"400079","V5","PN","Nosferatu","89"
"400080","V5","PTr","Tremere","89"
"400081","V5","PL","Lasombra","89"
"400082","V5","PH","Hecata","89"
"400083","V5A","PB","Brujah","89"
"400084","V5A","PMin","Ministry","89"
"400085","V5A","PBh","Banu Haqim","89"
"400086","V5A","PG","Gangrel","89"
"400087","NB","PM","Malkavian","54"
"400088","NB","PN","Nosferatu","54"
"400089","NB","PTo","Toreador","54"
"400090","NB","PTr","Tremere","54"
"400091","NB","PV","Ventrue","54"
"400092","NB2","PB","Brujah","54"
"400093","NB2","PMi","Ministry","54"
"400094","NB2","PBH","Banu Haqim","54"
"400095","NB2","PG","Gangrel","54"
"400096","FoL","","","54"
"400097","PP2","","","56"
"400098","SoB","","","54"
"400099","EoG","","","54"
"400100","V5C","PSal","Salubri","89"
"400101","V5C","PTz","Tzimisce","89"
"400102","V5C","PR","Ravnos","89"
"400103","30th","","","120"
"400104","NB3","PL","Lasombra","54"
"400105","NB3","PH","Hecata","54"
"400106","PP3","","","56"
"400107","SV5","PPower","Path of Power and the Inner Voice","89"
"400108","SV5","PDeath","Path of Death and the Soul","89"
"400109","SV5","PCathari","Path of Cathari","89"
"400110","SV5","PCaine","Path of Caine","89"
